이름,성별,소속,원작자,직책,프로필
리비아,여,방랑자,용덕님,방랑자,%EC%BA%90%EB%A6%AD%ED%84%B0%20%EB%AA%A9%EB%A1%9D%20(%EC%A0%84%EC%B2%B4)/%25EB%25A6%25AC%25EB%25B9%2584%25EC%2595%2584.jpg
베스커,남,방랑자,용이님?,방랑자,%EC%BA%90%EB%A6%AD%ED%84%B0%20%EB%AA%A9%EB%A1%9D%20(%EC%A0%84%EC%B2%B4)/%25EB%25B2%25A0%25EC%258A%25A4%25EC%25BB%25A4.jpg
레드킷,여,방랑자,령초님,방랑자,%EC%BA%90%EB%A6%AD%ED%84%B0%20%EB%AA%A9%EB%A1%9D%20(%EC%A0%84%EC%B2%B4)/export202512272139482620.png
카르카르마,남,방랑자,페르님,방랑자,%EC%BA%90%EB%A6%AD%ED%84%B0%20%EB%AA%A9%EB%A1%9D%20(%EC%A0%84%EC%B2%B4)/%EC%B9%B4%EB%A5%B4%EC%B9%B4%EB%A5%B4%EB%A7%88.jpg
리퍼러스,여,방랑자,,방랑자,%EC%BA%90%EB%A6%AD%ED%84%B0%20%EB%AA%A9%EB%A1%9D%20(%EC%A0%84%EC%B2%B4)/%25EB%25A6%25AC%25ED%258D%25BC%25EB%259F%25AC%25EC%258A%25A4.jpg
나 델라,여,방랑자,파란고양이♡님,방랑자,%EC%BA%90%EB%A6%AD%ED%84%B0%20%EB%AA%A9%EB%A1%9D%20(%EC%A0%84%EC%B2%B4)/%25EB%258D%25B8%25EB%259D%25BC.jpg
나브벨리,?,방랑자,,방랑자,%EC%BA%90%EB%A6%AD%ED%84%B0%20%EB%AA%A9%EB%A1%9D%20(%EC%A0%84%EC%B2%B4)/%25EB%2582%2598%25EB%25B8%258C%25EB%25B2%25A8%25EB%25A6%25AC.jpg
메티오스,?,방랑자,레시님,방랑자,%EC%BA%90%EB%A6%AD%ED%84%B0%20%EB%AA%A9%EB%A1%9D%20(%EC%A0%84%EC%B2%B4)/%25EB%25A9%2594%25ED%258B%25B0%25EC%2598%25A4%25EC%258A%25A4.jpg
바아구스,남,방랑자,판타지용용님,방랑자,%EC%BA%90%EB%A6%AD%ED%84%B0%20%EB%AA%A9%EB%A1%9D%20(%EC%A0%84%EC%B2%B4)/%25EB%25B0%2594%25EA%25B5%25AC%25EC%258A%25A4.jpg
다이아날드,남,방랑자,레시님,방랑자,%EC%BA%90%EB%A6%AD%ED%84%B0%20%EB%AA%A9%EB%A1%9D%20(%EC%A0%84%EC%B2%B4)/%25EB%258B%25A4%25EC%259D%25B4%25EC%2595%2584%25EB%2582%25A0%25EB%2593%259C.jpg
리미널,?,방랑자,에릴님,방랑자,%EC%BA%90%EB%A6%AD%ED%84%B0%20%EB%AA%A9%EB%A1%9D%20(%EC%A0%84%EC%B2%B4)/%25EB%25A6%25AC%25EB%25AF%25B8%25EB%2584%2590.jpg
베그루스,남,방랑자,랑이님,방랑자,%EC%BA%90%EB%A6%AD%ED%84%B0%20%EB%AA%A9%EB%A1%9D%20(%EC%A0%84%EC%B2%B4)/%25EB%25B2%25A0%25EA%25B7%25B8%25EB%25A3%25A8%25EC%258A%25A4.jpg
라턴,?,방랑자,폽프님,방랑자,%EC%BA%90%EB%A6%AD%ED%84%B0%20%EB%AA%A9%EB%A1%9D%20(%EC%A0%84%EC%B2%B4)/%25EB%259D%25BC%25ED%2584%25B4.jpg
곤고,남,방랑자,순구름님,방랑자,%EC%BA%90%EB%A6%AD%ED%84%B0%20%EB%AA%A9%EB%A1%9D%20(%EC%A0%84%EC%B2%B4)/%25EA%25B3%25A4%25EA%25B3%25A0.jpg
아우러,?,방랑자,미캐르님,방랑자,%EC%BA%90%EB%A6%AD%ED%84%B0%20%EB%AA%A9%EB%A1%9D%20(%EC%A0%84%EC%B2%B4)/%25EC%2595%2584%25EC%259A%25B0%25EB%259F%25AC.jpg
쿠알푸름,여,방랑자,Blue_Ring,방랑자,%EC%BA%90%EB%A6%AD%ED%84%B0%20%EB%AA%A9%EB%A1%9D%20(%EC%A0%84%EC%B2%B4)/%25EC%25BF%25A0%25EC%2595%258C%25ED%2591%25B8%25EB%25A6%2584.jpg
티치,여,방랑자,paming님,방랑자,%EC%BA%90%EB%A6%AD%ED%84%B0%20%EB%AA%A9%EB%A1%9D%20(%EC%A0%84%EC%B2%B4)/%25ED%258B%25B0%25EC%25B9%2598.jpg
버니,남,방랑자,,방랑자,%EC%BA%90%EB%A6%AD%ED%84%B0%20%EB%AA%A9%EB%A1%9D%20(%EC%A0%84%EC%B2%B4)/%25EB%25B2%2584%25EB%258B%2588.jpg
무뉴,여,방랑자,미루님,방랑자,%EC%BA%90%EB%A6%AD%ED%84%B0%20%EB%AA%A9%EB%A1%9D%20(%EC%A0%84%EC%B2%B4)/%25EB%25AC%25B4%25EB%2589%25B4.jpg
레션,?,방랑자,토리우스님,방랑자,%EC%BA%90%EB%A6%AD%ED%84%B0%20%EB%AA%A9%EB%A1%9D%20(%EC%A0%84%EC%B2%B4)/%25EB%25A0%2588%25EC%2585%2598.jpg
이천화,?,방랑자,보도님,방랑자,%EC%BA%90%EB%A6%AD%ED%84%B0%20%EB%AA%A9%EB%A1%9D%20(%EC%A0%84%EC%B2%B4)/%25EC%259D%25B4%25EC%25B2%259C%25ED%2599%2594.jpg
콘조 베트,남,방랑자,비둘기님,방랑자,%EC%BA%90%EB%A6%AD%ED%84%B0%20%EB%AA%A9%EB%A1%9D%20(%EC%A0%84%EC%B2%B4)/%25EC%25BD%2598%25EC%25A1%25B0_%25EB%25B0%25B0%25ED%258A%25B8.jpg
라커 킬,남,야생,레피오님,없음,%EC%BA%90%EB%A6%AD%ED%84%B0%20%EB%AA%A9%EB%A1%9D%20(%EC%A0%84%EC%B2%B4)/%25EB%259D%25BC%25EC%25BB%25A4_%25ED%2582%25AC.jpg
나룻 벨,?,야생,레피오님,없음,%EC%BA%90%EB%A6%AD%ED%84%B0%20%EB%AA%A9%EB%A1%9D%20(%EC%A0%84%EC%B2%B4)/%25EB%2582%2598%25EB%25A3%25BB_%25EB%25B2%25A8.jpg
커블 루,남,야생,레피오님,없음,%EC%BA%90%EB%A6%AD%ED%84%B0%20%EB%AA%A9%EB%A1%9D%20(%EC%A0%84%EC%B2%B4)/%25EC%25BB%25A4%25EB%25B8%2594_%25EB%25A3%25A8.jpg
아오라우,여,야생,사파이어드래곤님,없음,%EC%BA%90%EB%A6%AD%ED%84%B0%20%EB%AA%A9%EB%A1%9D%20(%EC%A0%84%EC%B2%B4)/%25EC%2595%2584%25EC%2598%25A4%25EB%259D%25BC%25EC%259A%25B0.jpg
엘로라샤이,여,야생,페르님,없음,%EC%BA%90%EB%A6%AD%ED%84%B0%20%EB%AA%A9%EB%A1%9D%20(%EC%A0%84%EC%B2%B4)/%25EC%2597%2598%25EB%25A1%259C%25EB%259D%25BC%25EC%2583%25A4%25EC%259D%25B4.jpg
쉐이나,여,야생,달푼님,없음,%EC%BA%90%EB%A6%AD%ED%84%B0%20%EB%AA%A9%EB%A1%9D%20(%EC%A0%84%EC%B2%B4)/%25EC%2589%2590%25EC%259D%25B4%25EB%2582%2598.jpg
케슬로,남,야생,무타리님,없음,%EC%BA%90%EB%A6%AD%ED%84%B0%20%EB%AA%A9%EB%A1%9D%20(%EC%A0%84%EC%B2%B4)/%25EC%25BC%2580%25EC%258A%25AC%25EB%25A1%259C.jpg
레반,여,야생,럭시님,없음,%EC%BA%90%EB%A6%AD%ED%84%B0%20%EB%AA%A9%EB%A1%9D%20(%EC%A0%84%EC%B2%B4)/%25EB%25A0%2588%25EB%25B0%2598.jpg
화이 탄,남,야생,무타리님,없음,%EC%BA%90%EB%A6%AD%ED%84%B0%20%EB%AA%A9%EB%A1%9D%20(%EC%A0%84%EC%B2%B4)/%25ED%2599%2594%25EC%259D%25B4_%25ED%2583%2584.jpg
퀸 서너비,여,야생,무타리님,없음,%EC%BA%90%EB%A6%AD%ED%84%B0%20%EB%AA%A9%EB%A1%9D%20(%EC%A0%84%EC%B2%B4)/%25ED%2580%25B8_%25EC%2584%259C%25EB%2584%2588%25EB%25B9%2584.jpg
톡서,?,야생,galaxy님,없음,%EC%BA%90%EB%A6%AD%ED%84%B0%20%EB%AA%A9%EB%A1%9D%20(%EC%A0%84%EC%B2%B4)/%25ED%2586%25A1%25EC%2584%259C.jpg
쥬아나,여,야생,,없음,%EC%BA%90%EB%A6%AD%ED%84%B0%20%EB%AA%A9%EB%A1%9D%20(%EC%A0%84%EC%B2%B4)/%25EC%25A5%25AC%25EC%2595%2584%25EB%2582%2598.jpg
샤르보니아,남,야생,페르님,없음,%EC%BA%90%EB%A6%AD%ED%84%B0%20%EB%AA%A9%EB%A1%9D%20(%EC%A0%84%EC%B2%B4)/%25EC%2583%25A4%25EB%25A5%25B4%25EB%25B3%25B4%25EB%258B%2588%25EC%2595%2584.jpg
칼리스토 번,?,야생,장어님,없음,%EC%BA%90%EB%A6%AD%ED%84%B0%20%EB%AA%A9%EB%A1%9D%20(%EC%A0%84%EC%B2%B4)/%25EC%25B9%25BC%25EB%25A6%25AC%25EC%258A%25A4%25ED%2586%25A0_%25EB%25B2%2588.jpg
비비,?,야생,프팅님,없음,%EC%BA%90%EB%A6%AD%ED%84%B0%20%EB%AA%A9%EB%A1%9D%20(%EC%A0%84%EC%B2%B4)/%25EB%25B9%2584%25EB%25B9%2584.jpg
더스,여,야생,빛나는사파이어님,없음,%EC%BA%90%EB%A6%AD%ED%84%B0%20%EB%AA%A9%EB%A1%9D%20(%EC%A0%84%EC%B2%B4)/%25EB%258D%2594%25EC%258A%25A4.jpg
샤마다,남,야생,라임타임님,없음,%EC%BA%90%EB%A6%AD%ED%84%B0%20%EB%AA%A9%EB%A1%9D%20(%EC%A0%84%EC%B2%B4)/%25EC%2583%25A4%25EB%25A7%2588%25EB%258B%25A4.jpg
렛토,?,야생,Nya°Nya님,없음,%EC%BA%90%EB%A6%AD%ED%84%B0%20%EB%AA%A9%EB%A1%9D%20(%EC%A0%84%EC%B2%B4)/%25EB%25A0%259B%25ED%2586%25A0.jpg
프론스,여,야생,범물개님,없음,%EC%BA%90%EB%A6%AD%ED%84%B0%20%EB%AA%A9%EB%A1%9D%20(%EC%A0%84%EC%B2%B4)/%25ED%2594%2584%25EB%25A1%25A0%25EC%258A%25A4.jpg
칸레이션,여,야생,블러스트번님,없음,%EC%BA%90%EB%A6%AD%ED%84%B0%20%EB%AA%A9%EB%A1%9D%20(%EC%A0%84%EC%B2%B4)/%25EC%25B9%25B8%25EB%25A0%2588%25EC%259D%25B4%25EC%2585%2598.jpg
가란티아,?,야생,noon님,없음,%EC%BA%90%EB%A6%AD%ED%84%B0%20%EB%AA%A9%EB%A1%9D%20(%EC%A0%84%EC%B2%B4)/%25EA%25B0%2580%25EB%259E%2580%25ED%258B%25B0%25EC%2595%2584.jpg
포이드릭 게코,?,야생,가뷰앙님,없음,%EC%BA%90%EB%A6%AD%ED%84%B0%20%EB%AA%A9%EB%A1%9D%20(%EC%A0%84%EC%B2%B4)/%25ED%258F%25AC%25EC%259D%25B4%25EB%2593%259C%25EB%25A6%25AD_%25EA%25B2%258C%25EC%25BD%2594.jpg
크라오 젠,여,야생,,없음,%EC%BA%90%EB%A6%AD%ED%84%B0%20%EB%AA%A9%EB%A1%9D%20(%EC%A0%84%EC%B2%B4)/%25ED%2581%25AC%25EB%259D%25BC%25EC%2598%25A4_%25EC%25A0%25A0.jpg
워그니스,여,야생,LunaSans님,없음,%EC%BA%90%EB%A6%AD%ED%84%B0%20%EB%AA%A9%EB%A1%9D%20(%EC%A0%84%EC%B2%B4)/%25EC%259B%258C%25EA%25B7%25B8%25EB%258B%2588%25EC%258A%25A4.jpg
센트피드 블라드 리,여,야생,파란고양이♡님,없음,%EC%BA%90%EB%A6%AD%ED%84%B0%20%EB%AA%A9%EB%A1%9D%20(%EC%A0%84%EC%B2%B4)/%25EC%2583%258C%25ED%258A%25B8%25ED%2594%25BC%25EB%2593%259C_%25EB%25B8%2594%25EB%259D%25BC%25EB%2593%259C_%25EB%25A6%25AC.jpg
베놈 사파이어 드래곤,?,야생,횡단보도game님,없음,%EC%BA%90%EB%A6%AD%ED%84%B0%20%EB%AA%A9%EB%A1%9D%20(%EC%A0%84%EC%B2%B4)/%25EB%25B2%25A0%25EB%2586%2588_%25EC%2582%25AC%25ED%258C%258C%25EC%259D%25B4%25EC%2596%25B4_%25EB%2593%259C%25EB%259E%2598%25EA%25B3%25A4.jpg
허니 비,?,야생,콤마님,없음,%EC%BA%90%EB%A6%AD%ED%84%B0%20%EB%AA%A9%EB%A1%9D%20(%EC%A0%84%EC%B2%B4)/%25ED%2597%2588%25EB%258B%2588_%25EB%25B9%2584.jpg
문 크레센드,?,야생,라니님,없음,%EC%BA%90%EB%A6%AD%ED%84%B0%20%EB%AA%A9%EB%A1%9D%20(%EC%A0%84%EC%B2%B4)/%25EB%25AC%25B8_%25ED%2581%25AC%25EB%25A0%2588%25EC%2584%25BC%25EB%2593%259C.jpg
네오시아,?,야생,무타리님,없음,%EC%BA%90%EB%A6%AD%ED%84%B0%20%EB%AA%A9%EB%A1%9D%20(%EC%A0%84%EC%B2%B4)/%25EB%2584%25A4%25EC%2598%25A4%25EC%258B%259C%25EC%2595%2584.jpg
도쿠,?,야생,레시님,없음,%EC%BA%90%EB%A6%AD%ED%84%B0%20%EB%AA%A9%EB%A1%9D%20(%EC%A0%84%EC%B2%B4)/%25EB%258F%2584%25EC%25BF%25A0.jpg
만티스,여,야생,횡단보도님,없음,%EC%BA%90%EB%A6%AD%ED%84%B0%20%EB%AA%A9%EB%A1%9D%20(%EC%A0%84%EC%B2%B4)/%25EB%25A7%258C%25ED%258B%25B0%25EC%258A%25A4.jpg
리리하,남,야생,루이짱짱강아지님,없음,%EC%BA%90%EB%A6%AD%ED%84%B0%20%EB%AA%A9%EB%A1%9D%20(%EC%A0%84%EC%B2%B4)/%25EB%25A6%25AC%25EB%25A6%25AC%25ED%2595%2598.jpg
티어,여,야생,세크럴님,없음,%EC%BA%90%EB%A6%AD%ED%84%B0%20%EB%AA%A9%EB%A1%9D%20(%EC%A0%84%EC%B2%B4)/export202512272140048990.png
진조 루라,여,야생,,없음,%EC%BA%90%EB%A6%AD%ED%84%B0%20%EB%AA%A9%EB%A1%9D%20(%EC%A0%84%EC%B2%B4)/%25EC%25A7%2584%25EC%25A1%25B0_%25EB%25A3%25A8%25EB%259D%25BC.jpg
글라디도스,남,야생,루이님,없음,%EC%BA%90%EB%A6%AD%ED%84%B0%20%EB%AA%A9%EB%A1%9D%20(%EC%A0%84%EC%B2%B4)/%25EA%25B8%2580%25EB%259D%25BC%25EB%2594%2594%25EB%258F%2584%25EC%258A%25A4.jpg
종달,남,야생,크러씌님,없음,%EC%BA%90%EB%A6%AD%ED%84%B0%20%EB%AA%A9%EB%A1%9D%20(%EC%A0%84%EC%B2%B4)/%25EC%25A2%2585%25EB%258B%25AC.jpg
이터마우스,?,야생,블러스터번님,없음,%EC%BA%90%EB%A6%AD%ED%84%B0%20%EB%AA%A9%EB%A1%9D%20(%EC%A0%84%EC%B2%B4)/%25EC%259D%25B4%25ED%2584%25B0%25EB%25A7%2588%25EC%259A%25B0%25EC%258A%25A4.jpg
펠지아,남,야생,,없음,%EC%BA%90%EB%A6%AD%ED%84%B0%20%EB%AA%A9%EB%A1%9D%20(%EC%A0%84%EC%B2%B4)/%25ED%258E%25A0%25EC%25A7%2580%25EC%2595%2584.jpg
모리야,여,야생,블러스트번님,없음,%EC%BA%90%EB%A6%AD%ED%84%B0%20%EB%AA%A9%EB%A1%9D%20(%EC%A0%84%EC%B2%B4)/%25EB%25AA%25A8%25EB%25A6%25AC%25EC%2595%25BC.jpg
쿠로바스,?,야생,에릴님,없음,%EC%BA%90%EB%A6%AD%ED%84%B0%20%EB%AA%A9%EB%A1%9D%20(%EC%A0%84%EC%B2%B4)/%25EC%25BF%25A0%25EB%25A1%259C%25EB%25B0%2594%25EC%258A%25A4.jpg
세이렌 몰로,여,야생,,없음,%EC%BA%90%EB%A6%AD%ED%84%B0%20%EB%AA%A9%EB%A1%9D%20(%EC%A0%84%EC%B2%B4)/%25EC%2584%25B8%25EC%259D%25B4%25EB%25A0%258C_%25EB%25AA%25B0%25EB%25A1%259C.jpg
루커,여,야생,파치레스님,없음,%EC%BA%90%EB%A6%AD%ED%84%B0%20%EB%AA%A9%EB%A1%9D%20(%EC%A0%84%EC%B2%B4)/%25EB%25A3%25A8%25EC%25BB%25A4.jpg
벨리제굽,?,야생,용덕이다님,없음,%EC%BA%90%EB%A6%AD%ED%84%B0%20%EB%AA%A9%EB%A1%9D%20(%EC%A0%84%EC%B2%B4)/%25EB%25B2%25A8%25EB%25A6%25AC%25EC%25A0%259C%25EA%25B5%25BD.jpg
오웨이,남,야생,미캐르님,없음,%EC%BA%90%EB%A6%AD%ED%84%B0%20%EB%AA%A9%EB%A1%9D%20(%EC%A0%84%EC%B2%B4)/%25EC%2598%25A4%25EC%259B%25A8%25EC%259D%25B4.jpg
피어피스,남,야생,무파사님,없음,%EC%BA%90%EB%A6%AD%ED%84%B0%20%EB%AA%A9%EB%A1%9D%20(%EC%A0%84%EC%B2%B4)/%25ED%2594%25BC%25EC%2596%25B4%25ED%2594%25BC%25EC%258A%25A4.jpg
로시렙터,남,야생,레시님,없음,%EC%BA%90%EB%A6%AD%ED%84%B0%20%EB%AA%A9%EB%A1%9D%20(%EC%A0%84%EC%B2%B4)/%25EB%25A1%259C%25EC%258B%259C%25EB%259E%25A9%25ED%2584%25B0.jpg
퍼스,여,야생,,없음,%EC%BA%90%EB%A6%AD%ED%84%B0%20%EB%AA%A9%EB%A1%9D%20(%EC%A0%84%EC%B2%B4)/%25ED%258D%25BC%25EC%258A%25A4.jpg
율리아,여,야생,절망숲님,없음,%EC%BA%90%EB%A6%AD%ED%84%B0%20%EB%AA%A9%EB%A1%9D%20(%EC%A0%84%EC%B2%B4)/%25EC%259C%25A8%25EB%25A6%25AC%25EC%2595%2584.jpg
구아,남,야생,페이님,없음,%EC%BA%90%EB%A6%AD%ED%84%B0%20%EB%AA%A9%EB%A1%9D%20(%EC%A0%84%EC%B2%B4)/%25EA%25B5%25AC%25EC%2595%2584.jpg
소울,남,야생,용기사님,없음,%EC%BA%90%EB%A6%AD%ED%84%B0%20%EB%AA%A9%EB%A1%9D%20(%EC%A0%84%EC%B2%B4)/%25EC%2586%258C%25EC%259A%25B8.jpg
베샤,여,야생,토리우스님,없음,%EC%BA%90%EB%A6%AD%ED%84%B0%20%EB%AA%A9%EB%A1%9D%20(%EC%A0%84%EC%B2%B4)/%25EB%25B2%25A0%25EC%2583%25A4.jpg
리귤례시아,여,야생,,없음,%EC%BA%90%EB%A6%AD%ED%84%B0%20%EB%AA%A9%EB%A1%9D%20(%EC%A0%84%EC%B2%B4)/%25EB%25A6%25AC%25EA%25B7%25A4%25EB%25A0%2588%25EC%258B%259C%25EC%2595%2584.jpg
리브너,남,야생,엘.X님,없음,%EC%BA%90%EB%A6%AD%ED%84%B0%20%EB%AA%A9%EB%A1%9D%20(%EC%A0%84%EC%B2%B4)/%25EB%25A6%25AC%25EB%25B8%258C%25EB%2584%2588.jpg
캐이논,?,탑,,경비,%EC%BA%90%EB%A6%AD%ED%84%B0%20%EB%AA%A9%EB%A1%9D%20(%EC%A0%84%EC%B2%B4)/%25EC%25BA%2590%25EC%259D%25B4%25EB%2585%25BC.jpg
구르터스,없음,탑,,경비,%EC%BA%90%EB%A6%AD%ED%84%B0%20%EB%AA%A9%EB%A1%9D%20(%EC%A0%84%EC%B2%B4)/%25EA%25B5%25AC%25EB%25A5%25B4%25ED%2584%25B0%25EC%258A%25A4.jpg
키벨레,여,세렌치움,루샌님,주민,%EC%BA%90%EB%A6%AD%ED%84%B0%20%EB%AA%A9%EB%A1%9D%20(%EC%A0%84%EC%B2%B4)/%25ED%2582%25A4%25EB%25B2%25A8%25EB%25A0%2588.jpg
뱅커,여,세렌치움,아르세리아님,주민,%EC%BA%90%EB%A6%AD%ED%84%B0%20%EB%AA%A9%EB%A1%9D%20(%EC%A0%84%EC%B2%B4)/%25EB%25B1%2585%25EC%25BB%25A4.jpg
불용이,남,세렌치움,용용이7님,주민,%EC%BA%90%EB%A6%AD%ED%84%B0%20%EB%AA%A9%EB%A1%9D%20(%EC%A0%84%EC%B2%B4)/%25EB%25B6%2588%25EC%259A%25A9%25EC%259D%25B4.jpg
글로리,남,세렌치움,꾸릉이와모오기님,주민,%EC%BA%90%EB%A6%AD%ED%84%B0%20%EB%AA%A9%EB%A1%9D%20(%EC%A0%84%EC%B2%B4)/%25EA%25B8%2580%25EB%25A1%259C%25EB%25A6%25AC.jpg
돌라플리,?,세렌치움,,주민,%EC%BA%90%EB%A6%AD%ED%84%B0%20%EB%AA%A9%EB%A1%9D%20(%EC%A0%84%EC%B2%B4)/%25EB%258F%258C%25EB%259D%25BC%25ED%2594%258C%25EB%25A6%25AC.jpg
아마샤리스,여,세렌치움,참퐘참님,주민,%EC%BA%90%EB%A6%AD%ED%84%B0%20%EB%AA%A9%EB%A1%9D%20(%EC%A0%84%EC%B2%B4)/%25EC%2595%2584%25EB%25A7%2588%25EC%2583%25A4%25EB%25A6%25AC%25EC%258A%25A4.jpg
코이칸,남,바구스,,주민,%EC%BA%90%EB%A6%AD%ED%84%B0%20%EB%AA%A9%EB%A1%9D%20(%EC%A0%84%EC%B2%B4)/%25EC%25BD%2594%25EC%259D%25B4%25EC%25B9%25B8.jpg
아루,여,바구스,라니님,주민,%EC%BA%90%EB%A6%AD%ED%84%B0%20%EB%AA%A9%EB%A1%9D%20(%EC%A0%84%EC%B2%B4)/%25EC%2595%2584%25EB%25A3%25A8.jpg
샤라,여,바구스,구름이님,주민,%EC%BA%90%EB%A6%AD%ED%84%B0%20%EB%AA%A9%EB%A1%9D%20(%EC%A0%84%EC%B2%B4)/%25EC%2582%25AC%25EB%259E%25B4.jpg
랄더,남,테라,열일열매님,주민,%EC%BA%90%EB%A6%AD%ED%84%B0%20%EB%AA%A9%EB%A1%9D%20(%EC%A0%84%EC%B2%B4)/%25EB%259E%2584%25EB%258D%2594.jpg
라니아,여,테라,세크럴님,주민,%EC%BA%90%EB%A6%AD%ED%84%B0%20%EB%AA%A9%EB%A1%9D%20(%EC%A0%84%EC%B2%B4)/%25EB%259D%25BC%25EB%258B%2588%25EC%2595%2584.jpg
밍큐,남,테라,루이님?,주민,%EC%BA%90%EB%A6%AD%ED%84%B0%20%EB%AA%A9%EB%A1%9D%20(%EC%A0%84%EC%B2%B4)/%25EB%25B0%258D%25ED%2581%2590.jpg
스콜 벤,남,우리라스,루나님,주민,%EC%BA%90%EB%A6%AD%ED%84%B0%20%EB%AA%A9%EB%A1%9D%20(%EC%A0%84%EC%B2%B4)/%25EC%258A%25A4%25EC%25BD%259C_%25EB%25B2%25A4.jpg
스콜 페어,남,우리라스,루나님,주민,%EC%BA%90%EB%A6%AD%ED%84%B0%20%EB%AA%A9%EB%A1%9D%20(%EC%A0%84%EC%B2%B4)/%25EC%258A%25A4%25EC%25BD%259C_%25ED%258E%2598%25EC%2596%25B4.jpg
네온 무시카,?,매그누스,피닉님,주민,%EC%BA%90%EB%A6%AD%ED%84%B0%20%EB%AA%A9%EB%A1%9D%20(%EC%A0%84%EC%B2%B4)/%25EB%2584%25A4%25EC%2598%25A8_%25EB%25AC%25B4%25EC%258B%259C%25EC%25B9%25B4.jpg
그리시,남,매그누스,Blue_Ring님,주민,%EC%BA%90%EB%A6%AD%ED%84%B0%20%EB%AA%A9%EB%A1%9D%20(%EC%A0%84%EC%B2%B4)/%25EA%25B7%25B8%25EB%25A6%25AC%25EC%258B%259C.jpg
홀로,남,매그누스,루나몬님,주민,%EC%BA%90%EB%A6%AD%ED%84%B0%20%EB%AA%A9%EB%A1%9D%20(%EC%A0%84%EC%B2%B4)/%25ED%2599%2580%25EB%25A1%259C.jpg
스콜리몬,남,매그누스,Hyper_천하태평님,경비,%EC%BA%90%EB%A6%AD%ED%84%B0%20%EB%AA%A9%EB%A1%9D%20(%EC%A0%84%EC%B2%B4)/%25EC%258A%25A4%25EC%25BD%259C%25EB%25A6%25AC%25EB%25AA%25AC.jpg
테케아-02,없음,매그누스,리프라님,경비,%EC%BA%90%EB%A6%AD%ED%84%B0%20%EB%AA%A9%EB%A1%9D%20(%EC%A0%84%EC%B2%B4)/%25ED%2585%258C%25EC%25BC%2580%25EC%2595%258402.jpg
노커-R01,없음,매그누스,비둘기님,경비,%EC%BA%90%EB%A6%AD%ED%84%B0%20%EB%AA%A9%EB%A1%9D%20(%EC%A0%84%EC%B2%B4)/%25EB%2585%25B8%25EC%25BB%25A4-01.jpg
아낙,?,매그누스,참퐘참님,경비,%EC%BA%90%EB%A6%AD%ED%84%B0%20%EB%AA%A9%EB%A1%9D%20(%EC%A0%84%EC%B2%B4)/%25EC%2595%2584%25EB%2582%2599.jpg
올로토,남,우리라스,softfoxy님,주민,%EC%BA%90%EB%A6%AD%ED%84%B0%20%EB%AA%A9%EB%A1%9D%20(%EC%A0%84%EC%B2%B4)/%25EC%2598%25AC%25EB%25A1%259C%25ED%2586%25A0.jpg
레이닉 퍼블루,남,심해왕국,레시님,주민,%EC%BA%90%EB%A6%AD%ED%84%B0%20%EB%AA%A9%EB%A1%9D%20(%EC%A0%84%EC%B2%B4)/%25EB%25A0%2588%25EC%259D%25B4%25EB%258B%2589_%25ED%258D%25BC%25ED%2594%258C%25EB%25A3%25A8.jpg
덤뵤,?,심해왕국,_라노 _님,주민,%EC%BA%90%EB%A6%AD%ED%84%B0%20%EB%AA%A9%EB%A1%9D%20(%EC%A0%84%EC%B2%B4)/%25EB%258D%25A4%25EB%25B5%25A4.jpg
로이,남,테라,,주민,%EC%BA%90%EB%A6%AD%ED%84%B0%20%EB%AA%A9%EB%A1%9D%20(%EC%A0%84%EC%B2%B4)/%25EB%25A1%259C%25EC%259D%25B4.jpg
리니라,남,매너스,루이님?,주민,%EC%BA%90%EB%A6%AD%ED%84%B0%20%EB%AA%A9%EB%A1%9D%20(%EC%A0%84%EC%B2%B4)/%25EB%25A6%25AC%25EB%258B%2588%25EB%259D%25BC.jpg
크로타스,남,매너스,파자마빌런님,주민,%EC%BA%90%EB%A6%AD%ED%84%B0%20%EB%AA%A9%EB%A1%9D%20(%EC%A0%84%EC%B2%B4)/%25ED%2581%25AC%25EB%25A1%259C%25ED%2583%2580%25EC%258A%25A4.jpg
플러드,여,세렌치움,판타지용용님,주민,%EC%BA%90%EB%A6%AD%ED%84%B0%20%EB%AA%A9%EB%A1%9D%20(%EC%A0%84%EC%B2%B4)/%25ED%2594%258C%25EB%259F%25AC%25EB%2593%259C.jpg
랜시,남,매너스,,주민,%EC%BA%90%EB%A6%AD%ED%84%B0%20%EB%AA%A9%EB%A1%9D%20(%EC%A0%84%EC%B2%B4)/%25EB%259E%259C%25EC%258B%259C.jpg
쿠마,남,매너스,라니s님,주민,%EC%BA%90%EB%A6%AD%ED%84%B0%20%EB%AA%A9%EB%A1%9D%20(%EC%A0%84%EC%B2%B4)/%25EC%25BF%25A0%25EB%25A7%2588.jpg
쏘니루비,남,매너스,레이립님,주민,%EC%BA%90%EB%A6%AD%ED%84%B0%20%EB%AA%A9%EB%A1%9D%20(%EC%A0%84%EC%B2%B4)/%25EC%258F%2598%25EB%258B%2588%25EB%25A3%25A8%25EB%25B9%2584.jpg
릴리얀,여,매너스,피핀님?,주민,%EC%BA%90%EB%A6%AD%ED%84%B0%20%EB%AA%A9%EB%A1%9D%20(%EC%A0%84%EC%B2%B4)/%25EB%25A6%25B4%25EB%25A6%25AC%25EC%2596%2580.jpg
바실,남,검은숲,신화님,없음,%EC%BA%90%EB%A6%AD%ED%84%B0%20%EB%AA%A9%EB%A1%9D%20(%EC%A0%84%EC%B2%B4)/%25EB%25B0%2594%25EC%258B%25A4.jpg
테미스,남,검은숲,하르님,없음,%EC%BA%90%EB%A6%AD%ED%84%B0%20%EB%AA%A9%EB%A1%9D%20(%EC%A0%84%EC%B2%B4)/%25ED%2585%258C%25EB%25AF%25B8%25EC%258A%25A4.jpg
아이시어,?,검은숲,무타리님,없음,%EC%BA%90%EB%A6%AD%ED%84%B0%20%EB%AA%A9%EB%A1%9D%20(%EC%A0%84%EC%B2%B4)/%25EC%2595%2584%25EC%259D%25B4%25EC%258B%259C%25EC%2596%25B4.jpg
오린티안,여,검은숲,레이립님,없음,%EC%BA%90%EB%A6%AD%ED%84%B0%20%EB%AA%A9%EB%A1%9D%20(%EC%A0%84%EC%B2%B4)/%25EC%2598%25A4%25EB%25A6%25B0%25ED%258B%25B0%25EC%2595%2588.jpg
진조 페시난,남,검은숲,웁타웁님,없음,%EC%BA%90%EB%A6%AD%ED%84%B0%20%EB%AA%A9%EB%A1%9D%20(%EC%A0%84%EC%B2%B4)/%25EC%25A7%2584%25EC%25A1%25B0_%25ED%258E%2598%25EC%258B%259C%25EB%2582%259C.jpg
툼,?,검은숲,절망숲님,없음,%EC%BA%90%EB%A6%AD%ED%84%B0%20%EB%AA%A9%EB%A1%9D%20(%EC%A0%84%EC%B2%B4)/%25ED%2588%25BC.jpg
슈라,여,검은숲 피신지역,,주민,%EC%BA%90%EB%A6%AD%ED%84%B0%20%EB%AA%A9%EB%A1%9D%20(%EC%A0%84%EC%B2%B4)/%25EC%258A%2588%25EB%259D%25BC.jpg
쥬논,남,검은숲 피신지역,리프라님,주민,%EC%BA%90%EB%A6%AD%ED%84%B0%20%EB%AA%A9%EB%A1%9D%20(%EC%A0%84%EC%B2%B4)/%25EC%25A5%25AC%25EB%2585%25BC.jpg
미로,남,던전마을,,주민,%EC%BA%90%EB%A6%AD%ED%84%B0%20%EB%AA%A9%EB%A1%9D%20(%EC%A0%84%EC%B2%B4)/%25EB%25AF%25B8%25EB%25A1%259C.jpg
스컬델리,여,던전마을,solid님,주민,%EC%BA%90%EB%A6%AD%ED%84%B0%20%EB%AA%A9%EB%A1%9D%20(%EC%A0%84%EC%B2%B4)/%25EC%258A%25A4%25EC%25BB%25AC%25EB%258D%25B8%25EB%25A6%25AC.jpg
그라들리,남,던전마을,용용이7님,주민,%EC%BA%90%EB%A6%AD%ED%84%B0%20%EB%AA%A9%EB%A1%9D%20(%EC%A0%84%EC%B2%B4)/%25EA%25B7%25B8%25EB%259D%25BC%25EB%2593%25A4%25EB%25A6%25AC.jpg
본스트,?,던전마을,에쑹님,주민,%EC%BA%90%EB%A6%AD%ED%84%B0%20%EB%AA%A9%EB%A1%9D%20(%EC%A0%84%EC%B2%B4)/%25EB%25B3%25B8%25EC%258A%25A4%25ED%258A%25B8.jpg
하이로틀,남,아홀로틀스,부용냥쓰님,총관리자,%EC%BA%90%EB%A6%AD%ED%84%B0%20%EB%AA%A9%EB%A1%9D%20(%EC%A0%84%EC%B2%B4)/%25ED%2595%2598%25EC%259D%25B4%25EB%25A1%259C%25ED%258B%2580.jpg
벨로론,남,아홀로틀스,크앙님,부관리자,%EC%BA%90%EB%A6%AD%ED%84%B0%20%EB%AA%A9%EB%A1%9D%20(%EC%A0%84%EC%B2%B4)/%25EB%25B2%25A8%25EB%25A1%259C%25EB%25A1%25A0.jpg
켐터,여,아홀로틀스,우주고양이님,없음,%EC%BA%90%EB%A6%AD%ED%84%B0%20%EB%AA%A9%EB%A1%9D%20(%EC%A0%84%EC%B2%B4)/%25EC%25BC%2590%25ED%2584%25B0.jpg
밋시,여,머쉬룸,용냥부님,총관리자,%EC%BA%90%EB%A6%AD%ED%84%B0%20%EB%AA%A9%EB%A1%9D%20(%EC%A0%84%EC%B2%B4)/%25EB%25B0%258B%25EC%258B%259C.jpg
레코,남,머쉬룸,파자마빌런님,주민,%EC%BA%90%EB%A6%AD%ED%84%B0%20%EB%AA%A9%EB%A1%9D%20(%EC%A0%84%EC%B2%B4)/%25EB%25A0%2588%25EC%25BD%2594.jpg
소야,여,머쉬룸,다비스님,주민,%EC%BA%90%EB%A6%AD%ED%84%B0%20%EB%AA%A9%EB%A1%9D%20(%EC%A0%84%EC%B2%B4)/%25EC%2586%258C%25EC%2595%25BC.jpg
G0-1,없음,팩펑크,루나몬님,주민,%EC%BA%90%EB%A6%AD%ED%84%B0%20%EB%AA%A9%EB%A1%9D%20(%EC%A0%84%EC%B2%B4)/G0-1.jpg
크레아 토르,여,"사막궁전, 야생",단냥이님,주민,%EC%BA%90%EB%A6%AD%ED%84%B0%20%EB%AA%A9%EB%A1%9D%20(%EC%A0%84%EC%B2%B4)/%25ED%2581%25AC%25EB%25A0%2588%25EC%2595%2584_%25ED%2586%25A0%25EB%25A5%25B4.jpg
리시아 로어,여,우주,,없음,%EC%BA%90%EB%A6%AD%ED%84%B0%20%EB%AA%A9%EB%A1%9D%20(%EC%A0%84%EC%B2%B4)/%25EB%25A6%25AC%25EC%258B%259C%25EC%2595%2584_%25EB%25A1%259C%25EC%2596%25B4.jpg
스페이더스,?,우주,리프라님,신의 대리인,%EC%BA%90%EB%A6%AD%ED%84%B0%20%EB%AA%A9%EB%A1%9D%20(%EC%A0%84%EC%B2%B4)/%25EC%258A%25A4%25ED%258E%2598%25EC%259D%25B4%25EB%258D%2594%25EC%258A%25A4.jpg
블랙스타,?,우주,참퐘참님,"신의 대리인, 없음",%EC%BA%90%EB%A6%AD%ED%84%B0%20%EB%AA%A9%EB%A1%9D%20(%EC%A0%84%EC%B2%B4)/%25EB%25B8%2594%25EB%259E%2599%25EC%258A%25A4%25ED%2583%2580.jpg
가니메데,남,우주,커피새우님,없음,%EC%BA%90%EB%A6%AD%ED%84%B0%20%EB%AA%A9%EB%A1%9D%20(%EC%A0%84%EC%B2%B4)/%25EA%25B0%2580%25EB%258B%2588%25EB%25A9%2594%25EB%258D%25B0.jpg
킬러바트,,모르튠 연구소,,연구자(과학자),.%205.jpg
글러트니 박사,,모르튠 연구소,,연구자(과학자),..jpg
스펠,여,모르튠 연구소,,연구자(과학자),%EC%BA%90%EB%A6%AD%ED%84%B0%20%EB%AA%A9%EB%A1%9D%20(%EC%A0%84%EC%B2%B4)/%25EC%258A%25A4%25ED%258E%25A0.jpg
컬레이터,없음,모르튠 연구소,무타리님,없음,%EC%BA%90%EB%A6%AD%ED%84%B0%20%EB%AA%A9%EB%A1%9D%20(%EC%A0%84%EC%B2%B4)/%25EC%25BB%25AC%25EB%25A0%2588%25EC%259D%25B4%25ED%2584%25B0.jpg
앤마 리바스,남,앤마 리바스 무리,홀리 앤 카오스님,없음,%EC%BA%90%EB%A6%AD%ED%84%B0%20%EB%AA%A9%EB%A1%9D%20(%EC%A0%84%EC%B2%B4)/export202508171901210060.png
오아나,여,오아나 무리,,없음,%EC%BA%90%EB%A6%AD%ED%84%B0%20%EB%AA%A9%EB%A1%9D%20(%EC%A0%84%EC%B2%B4)/%25EC%2598%25A4%25EC%2595%2584%25EB%2582%2598.jpg
세이란,여,오아나 무리,시로네코님,없음,%EC%BA%90%EB%A6%AD%ED%84%B0%20%EB%AA%A9%EB%A1%9D%20(%EC%A0%84%EC%B2%B4)/%25EC%2584%25B8%25EC%259D%25B4%25EB%259E%2580.jpg
크레먼,남,크레먼 무리,미캐르님,없음,%EC%BA%90%EB%A6%AD%ED%84%B0%20%EB%AA%A9%EB%A1%9D%20(%EC%A0%84%EC%B2%B4)/%25ED%2581%25AC%25EB%25A0%2588%25EB%25A8%25BC.jpg
리나르,남,크레먼 무리,연냥님,없음,%EC%BA%90%EB%A6%AD%ED%84%B0%20%EB%AA%A9%EB%A1%9D%20(%EC%A0%84%EC%B2%B4)/%25EB%25A6%25AC%25EB%2582%2598%25EB%25A5%25B4.jpg
루버스,남,루버스 무리,,없음,%EC%BA%90%EB%A6%AD%ED%84%B0%20%EB%AA%A9%EB%A1%9D%20(%EC%A0%84%EC%B2%B4)/%25EB%25A3%25A8%25EB%25B2%2584%25EC%258A%25A4.jpg
캔치,남,캔치 무리,,없음,%EC%BA%90%EB%A6%AD%ED%84%B0%20%EB%AA%A9%EB%A1%9D%20(%EC%A0%84%EC%B2%B4)/%25EC%25BA%2594%25EC%25B9%2598.jpg
우송,여,캔치 무리,비둘기pigeon님,없음,%EC%BA%90%EB%A6%AD%ED%84%B0%20%EB%AA%A9%EB%A1%9D%20(%EC%A0%84%EC%B2%B4)/export202502201844065108.png
바른,?,바른 무리,,없음,%EC%BA%90%EB%A6%AD%ED%84%B0%20%EB%AA%A9%EB%A1%9D%20(%EC%A0%84%EC%B2%B4)/%25EB%25B0%2594%25EB%25A5%25B8.jpg
카오,남,바른 무리,용덕이다님,없음,%EC%BA%90%EB%A6%AD%ED%84%B0%20%EB%AA%A9%EB%A1%9D%20(%EC%A0%84%EC%B2%B4)/%25EC%25B9%25B4%25EC%2598%25A4.jpg
타니트,?,다른 세계,조승휘°님,없음,%EC%BA%90%EB%A6%AD%ED%84%B0%20%EB%AA%A9%EB%A1%9D%20(%EC%A0%84%EC%B2%B4)/%25ED%2583%2580%25EB%258B%2588%25ED%258A%25B8.jpg
카론,여,하계,,경비,%EC%BA%90%EB%A6%AD%ED%84%B0%20%EB%AA%A9%EB%A1%9D%20(%EC%A0%84%EC%B2%B4)/%25EC%25B9%25B4%25EB%25A1%25A0.jpg
옥,?,하계,백야차님,부관리자,%EC%BA%90%EB%A6%AD%ED%84%B0%20%EB%AA%A9%EB%A1%9D%20(%EC%A0%84%EC%B2%B4)/%25EC%2598%25A5.jpg
꿈의 신 코시마,,신,,없음,.%201.jpg
충수신,,신,,없음,.%204.jpg
생성의 신 오로,,신,,없음,.%203.jpg
붕괴의 신 보루스,,신,,없음,.%202.jpg
글라둔,남,매그누스,우주냥님,"연구자(과학자), 주민",%EC%BA%90%EB%A6%AD%ED%84%B0%20%EB%AA%A9%EB%A1%9D%20(%EC%A0%84%EC%B2%B4)/%25EA%25B8%2580%25EB%259D%25BC%25EB%2591%2594.jpg
라시아그,여,던전마을,,경비,%EC%BA%90%EB%A6%AD%ED%84%B0%20%EB%AA%A9%EB%A1%9D%20(%EC%A0%84%EC%B2%B4)/%25EB%259D%25BC%25EC%258B%259C%25EC%2595%2584%25EA%25B7%25B8.jpg
우넛,?,바다궁전,,주민,%EC%BA%90%EB%A6%AD%ED%84%B0%20%EB%AA%A9%EB%A1%9D%20(%EC%A0%84%EC%B2%B4)/%25EC%259A%25B0%25EB%2584%259B.jpg
수어,여,심해왕국,우주냥님,주민,%EC%BA%90%EB%A6%AD%ED%84%B0%20%EB%AA%A9%EB%A1%9D%20(%EC%A0%84%EC%B2%B4)/%25EC%2588%2598%25EC%2596%25B4.jpg
밀리우,남,야생,머큐탐님,없음,%EC%BA%90%EB%A6%AD%ED%84%B0%20%EB%AA%A9%EB%A1%9D%20(%EC%A0%84%EC%B2%B4)/%25EB%25B0%2580%25EB%25A6%25AC%25EC%259A%25B0.jpg
가론,남,방랑자,미캐르님,없음,%EC%BA%90%EB%A6%AD%ED%84%B0%20%EB%AA%A9%EB%A1%9D%20(%EC%A0%84%EC%B2%B4)/%25EA%25B0%2580%25EB%25A1%25A0.jpg
쿨라,여,야생,레이립님,없음,%EC%BA%90%EB%A6%AD%ED%84%B0%20%EB%AA%A9%EB%A1%9D%20(%EC%A0%84%EC%B2%B4)/%25EC%25BF%25A8%25EB%259D%25BC.jpg
스노운,없음,바구스,감마님,주민,%EC%BA%90%EB%A6%AD%ED%84%B0%20%EB%AA%A9%EB%A1%9D%20(%EC%A0%84%EC%B2%B4)/%25EC%258A%25A4%25EB%2585%25B8%25EC%259A%25B4.jpg
노네임,없음,매그누스,우주냥님,경비,%EC%BA%90%EB%A6%AD%ED%84%B0%20%EB%AA%A9%EB%A1%9D%20(%EC%A0%84%EC%B2%B4)/%25EB%2585%25B8%25EB%2584%25A4%25EC%259E%2584.jpg
모지,?,야생,참퐘참님,없음,%EC%BA%90%EB%A6%AD%ED%84%B0%20%EB%AA%A9%EB%A1%9D%20(%EC%A0%84%EC%B2%B4)/%25EB%25AA%25A8%25EC%25A7%2580.jpg
아이쉬,?,다른 세계,절망숲님,없음,%EC%BA%90%EB%A6%AD%ED%84%B0%20%EB%AA%A9%EB%A1%9D%20(%EC%A0%84%EC%B2%B4)/%25EC%2595%2584%25EC%259D%25B4%25EC%2589%25AC.jpg
콘조라,남,심해왕국,웁타웁님,귀족,%EC%BA%90%EB%A6%AD%ED%84%B0%20%EB%AA%A9%EB%A1%9D%20(%EC%A0%84%EC%B2%B4)/%25EC%25BD%2598%25EC%25A1%25B0%25EB%259D%25BC.jpg
마칼리아,여,방랑자,FNA님,없음,%EC%BA%90%EB%A6%AD%ED%84%B0%20%EB%AA%A9%EB%A1%9D%20(%EC%A0%84%EC%B2%B4)/%25EB%25A7%2588%25EC%25B9%25BC%25EB%25A6%25AC%25EC%2595%2584.jpg
프리브레,여,매너스,리나몬님,주민,%EC%BA%90%EB%A6%AD%ED%84%B0%20%EB%AA%A9%EB%A1%9D%20(%EC%A0%84%EC%B2%B4)/%25ED%2594%2584%25EB%25A6%25AC%25EB%25B8%258C%25EB%25A0%2588.jpg
울린,남,바구스,커피새우님,주민,%EC%BA%90%EB%A6%AD%ED%84%B0%20%EB%AA%A9%EB%A1%9D%20(%EC%A0%84%EC%B2%B4)/%25EC%259A%25B8%25EB%25A6%25B0.jpg
냐코,남,테라,용용이7님,주민,%EC%BA%90%EB%A6%AD%ED%84%B0%20%EB%AA%A9%EB%A1%9D%20(%EC%A0%84%EC%B2%B4)/%25EB%2583%2590%25EC%25BD%2594.jpg
하미,여,검은숲,Un님,없음,%EC%BA%90%EB%A6%AD%ED%84%B0%20%EB%AA%A9%EB%A1%9D%20(%EC%A0%84%EC%B2%B4)/%25ED%2595%2598%25EB%25AF%25B8.jpg
프루슈어,?,검은숲,감마님,없음,%EC%BA%90%EB%A6%AD%ED%84%B0%20%EB%AA%A9%EB%A1%9D%20(%EC%A0%84%EC%B2%B4)/%25ED%2594%2584%25EB%25A3%25A8%25EC%258A%2588%25EC%2596%25B4.jpg
라우드,남,아홀로틀스,개다래님,없음,%EC%BA%90%EB%A6%AD%ED%84%B0%20%EB%AA%A9%EB%A1%9D%20(%EC%A0%84%EC%B2%B4)/%25EB%259D%25BC%25EC%259A%25B0%25EB%2593%259C.jpg
엘마,남,천계,늑돌이누어어님,없음,%EC%BA%90%EB%A6%AD%ED%84%B0%20%EB%AA%A9%EB%A1%9D%20(%EC%A0%84%EC%B2%B4)/%25EC%2597%2598%25EB%25A7%2588.jpg
루머너스,남,던전마을,참퐘참님,주민,%EC%BA%90%EB%A6%AD%ED%84%B0%20%EB%AA%A9%EB%A1%9D%20(%EC%A0%84%EC%B2%B4)/%25EB%25A3%25A8%25EB%25A8%25B8%25EB%2584%2588%25EC%258A%25A4.jpg
매그넷,여,매그누스,루나몬,주민,%EC%BA%90%EB%A6%AD%ED%84%B0%20%EB%AA%A9%EB%A1%9D%20(%EC%A0%84%EC%B2%B4)/%25EB%25A7%25A4%25EA%25B7%25B8%25EB%2584%25B7.jpg
야타난,?,검은숲,참퐘참님,없음,%EC%BA%90%EB%A6%AD%ED%84%B0%20%EB%AA%A9%EB%A1%9D%20(%EC%A0%84%EC%B2%B4)/%25EC%2595%25BC%25ED%2583%2580%25EB%2582%259C.jpg
클라웨어,여,바다궁전,Un님,주민,%EC%BA%90%EB%A6%AD%ED%84%B0%20%EB%AA%A9%EB%A1%9D%20(%EC%A0%84%EC%B2%B4)/%25ED%2581%25B4%25EB%259D%25BC%25EC%259B%25A8%25EC%2596%25B4.jpg
미러보시,남,검은숲,Un님,없음,%EC%BA%90%EB%A6%AD%ED%84%B0%20%EB%AA%A9%EB%A1%9D%20(%EC%A0%84%EC%B2%B4)/%25EB%25AF%25B8%25EB%259F%25AC%25EB%25B3%25B4%25EC%258B%259C.jpg
발리우스,남,검은숲,하스님,없음,%EC%BA%90%EB%A6%AD%ED%84%B0%20%EB%AA%A9%EB%A1%9D%20(%EC%A0%84%EC%B2%B4)/%25EB%25B0%259C%25EB%25A6%25AC%25EC%259A%25B0%25EC%258A%25A4.jpg
호긴,?,하계,용용이7님,없음,%EC%BA%90%EB%A6%AD%ED%84%B0%20%EB%AA%A9%EB%A1%9D%20(%EC%A0%84%EC%B2%B4)/%25ED%2598%25B8%25EA%25B8%25B4.jpg
아름,여,테라,모브2님,주민,%EC%BA%90%EB%A6%AD%ED%84%B0%20%EB%AA%A9%EB%A1%9D%20(%EC%A0%84%EC%B2%B4)/%25EC%2595%2584%25EB%25A6%2584.jpg
로우즈,여,매너스,모브2님,부관리자,%EC%BA%90%EB%A6%AD%ED%84%B0%20%EB%AA%A9%EB%A1%9D%20(%EC%A0%84%EC%B2%B4)/%25EB%25A1%259C%25EC%259A%25B0%25EC%25A6%2588.jpg
누엘라,여,검은숲 피신지역,모브2님,주민,%EC%BA%90%EB%A6%AD%ED%84%B0%20%EB%AA%A9%EB%A1%9D%20(%EC%A0%84%EC%B2%B4)/%25EB%2588%2584%25EC%2597%2598%25EB%259D%25BC.jpg
아우레스콜,?,우주,용용이7님,없음,%EC%BA%90%EB%A6%AD%ED%84%B0%20%EB%AA%A9%EB%A1%9D%20(%EC%A0%84%EC%B2%B4)/%25EC%2595%2584%25EC%259A%25B0%25EB%25A0%2588%25EC%258A%25A4%25EC%25BD%259C.jpg
슬라비온,남,매그누스,oı부자ㄹı님,경비,%EC%BA%90%EB%A6%AD%ED%84%B0%20%EB%AA%A9%EB%A1%9D%20(%EC%A0%84%EC%B2%B4)/%25EC%258A%25AC%25EB%259D%25BC%25EB%25B9%2584%25EC%2598%25A8.jpg
알가우레,?,우주,악어거북님,없음,%EC%BA%90%EB%A6%AD%ED%84%B0%20%EB%AA%A9%EB%A1%9D%20(%EC%A0%84%EC%B2%B4)/%25EC%2595%258C%25EA%25B0%2580%25EC%259A%25B0%25EB%25A0%2588.jpg
테라제,?,천계,용용이7님,주민,%EC%BA%90%EB%A6%AD%ED%84%B0%20%EB%AA%A9%EB%A1%9D%20(%EC%A0%84%EC%B2%B4)/%25ED%2585%258C%25EB%259D%25BC%25EC%25A0%259C.jpg
라이버,남,매그누스,스리에아님,주민,%EC%BA%90%EB%A6%AD%ED%84%B0%20%EB%AA%A9%EB%A1%9D%20(%EC%A0%84%EC%B2%B4)/%25EB%259D%25BC%25EC%259D%25B4%25EB%25B2%2584.jpg
콘그라베,?,야생,우주냥님,없음,%EC%BA%90%EB%A6%AD%ED%84%B0%20%EB%AA%A9%EB%A1%9D%20(%EC%A0%84%EC%B2%B4)/%25EC%25BD%2598%25EA%25B7%25B8%25EB%259D%25BC%25EB%25B2%25A0.jpg
골드이터,?,팩펑크,파자마빌런님,없음,%EC%BA%90%EB%A6%AD%ED%84%B0%20%EB%AA%A9%EB%A1%9D%20(%EC%A0%84%EC%B2%B4)/%25EA%25B3%25A8%25EB%2593%259C%25EC%259D%25B4%25ED%2584%25B0.jpg
쥬크샤볼라스,?,다른 세계,블랙빗님,없음,%EC%BA%90%EB%A6%AD%ED%84%B0%20%EB%AA%A9%EB%A1%9D%20(%EC%A0%84%EC%B2%B4)/%25EC%25A5%25AC%25ED%2581%25AC%25EC%2583%25A4%25EB%25B3%25BC%25EB%259D%25BC%25EC%258A%25A4.jpg
무수화,여,세렌치움,청량님?,주민,%EC%BA%90%EB%A6%AD%ED%84%B0%20%EB%AA%A9%EB%A1%9D%20(%EC%A0%84%EC%B2%B4)/%25EB%25AC%25B4%25EC%2588%2598%25ED%2599%2594.jpg
하드셸,남,야생,참퐘참님,없음,%EC%BA%90%EB%A6%AD%ED%84%B0%20%EB%AA%A9%EB%A1%9D%20(%EC%A0%84%EC%B2%B4)/%25ED%2595%2598%25EB%2593%259C%25EC%2585%25B8.jpg
케미첼-07,없음,매그누스,체리님,경비,%EC%BA%90%EB%A6%AD%ED%84%B0%20%EB%AA%A9%EB%A1%9D%20(%EC%A0%84%EC%B2%B4)/%25EC%25BC%2580%25EB%25AF%25B8%25EC%25B2%25BC-07.jpg
케아케리스-04,없음,매그누스,체리님,경비,%EC%BA%90%EB%A6%AD%ED%84%B0%20%EB%AA%A9%EB%A1%9D%20(%EC%A0%84%EC%B2%B4)/%25EC%25BC%2580%25EC%2595%2584%25EC%25BC%2580%25EB%25A6%25AC%25EC%258A%25A4-04.jpg
그리슬,남,야생,보도님,없음,%EC%BA%90%EB%A6%AD%ED%84%B0%20%EB%AA%A9%EB%A1%9D%20(%EC%A0%84%EC%B2%B4)/%25EA%25B7%25B8%25EB%25A6%25AC%25EC%258A%25AC.jpg
케라킨,여,야생,우주냥님,없음,%EC%BA%90%EB%A6%AD%ED%84%B0%20%EB%AA%A9%EB%A1%9D%20(%EC%A0%84%EC%B2%B4)/%25EC%25BC%2580%25EB%259D%25BC%25ED%2582%25A8.jpg
퍼플딕,여,야생,얼음음료수님,없음,%EC%BA%90%EB%A6%AD%ED%84%B0%20%EB%AA%A9%EB%A1%9D%20(%EC%A0%84%EC%B2%B4)/%25ED%258D%25BC%25ED%2594%258C%25EB%2594%2595.jpg
워스래쉬,여,방랑자,용기사님,없음,%EC%BA%90%EB%A6%AD%ED%84%B0%20%EB%AA%A9%EB%A1%9D%20(%EC%A0%84%EC%B2%B4)/%25EC%259B%258C%25EC%258A%25A4%25EB%259E%2598%25EC%2589%25AC.jpg
워그래곤,남,야생,Splesty님,없음,%EC%BA%90%EB%A6%AD%ED%84%B0%20%EB%AA%A9%EB%A1%9D%20(%EC%A0%84%EC%B2%B4)/%25EC%259B%258C%25EA%25B7%25B8%25EB%259E%2598%25EA%25B3%25A4.jpg
커넌,남,바다궁전,,주민,%EC%BA%90%EB%A6%AD%ED%84%B0%20%EB%AA%A9%EB%A1%9D%20(%EC%A0%84%EC%B2%B4)/%25EC%25BB%25A4%25EB%2584%258C.jpg
바르드러,여,야생,리프라님,없음,%EC%BA%90%EB%A6%AD%ED%84%B0%20%EB%AA%A9%EB%A1%9D%20(%EC%A0%84%EC%B2%B4)/%25EB%25B0%2594%25EB%25A5%25B4%25EB%2593%259C%25EB%259F%25AC.jpg
네오울프,여,매그누스,우주냥님,주민,%EC%BA%90%EB%A6%AD%ED%84%B0%20%EB%AA%A9%EB%A1%9D%20(%EC%A0%84%EC%B2%B4)/%25EB%2584%25A4%25EC%2598%25A4%25EC%259A%25B8%25ED%2594%2584.jpg
돌리에나,여,머쉬룸,크레스티드와랄랍님,주민,%EC%BA%90%EB%A6%AD%ED%84%B0%20%EB%AA%A9%EB%A1%9D%20(%EC%A0%84%EC%B2%B4)/%EB%8F%8C%EB%A6%AC%EC%97%90%EB%82%98.jpg
가드펭,남,바구스,긔름님,경비,%EC%BA%90%EB%A6%AD%ED%84%B0%20%EB%AA%A9%EB%A1%9D%20(%EC%A0%84%EC%B2%B4)/export202412222120502823.png
게팅키,?,야생,김마룡님,없음,%EC%BA%90%EB%A6%AD%ED%84%B0%20%EB%AA%A9%EB%A1%9D%20(%EC%A0%84%EC%B2%B4)/export202412222121189771.png
크루톤,남,몬타이나,Ancylaini3065님,총관리자,%EC%BA%90%EB%A6%AD%ED%84%B0%20%EB%AA%A9%EB%A1%9D%20(%EC%A0%84%EC%B2%B4)/export202412222110566502.png
벨레파르,남,하계,카다진님,부관리자,%EC%BA%90%EB%A6%AD%ED%84%B0%20%EB%AA%A9%EB%A1%9D%20(%EC%A0%84%EC%B2%B4)/export202412222111229225.png
알락토르트,여,하계,모브2님,주민,%EC%BA%90%EB%A6%AD%ED%84%B0%20%EB%AA%A9%EB%A1%9D%20(%EC%A0%84%EC%B2%B4)/export202412222122345765.png
랑오,남,바구스,다니아님,주민,%EC%BA%90%EB%A6%AD%ED%84%B0%20%EB%AA%A9%EB%A1%9D%20(%EC%A0%84%EC%B2%B4)/export202412222113096747.png
밸런스,?,천계,Ancylaini3065님,주민,%EC%BA%90%EB%A6%AD%ED%84%B0%20%EB%AA%A9%EB%A1%9D%20(%EC%A0%84%EC%B2%B4)/export202412222110126677.png
도루루페라,남,하계,DINOSAUR님,경비,%EC%BA%90%EB%A6%AD%ED%84%B0%20%EB%AA%A9%EB%A1%9D%20(%EC%A0%84%EC%B2%B4)/export202412222110376851.png
덴드로우,남,매그누스,뇽님,주민,%EC%BA%90%EB%A6%AD%ED%84%B0%20%EB%AA%A9%EB%A1%9D%20(%EC%A0%84%EC%B2%B4)/export202412222109536116.png
스이호,남,바구스,splesty님,경비,%EC%BA%90%EB%A6%AD%ED%84%B0%20%EB%AA%A9%EB%A1%9D%20(%EC%A0%84%EC%B2%B4)/export202412222109062950.png
아라키두사,여,던전마을,방사능감자님,주민,%EC%BA%90%EB%A6%AD%ED%84%B0%20%EB%AA%A9%EB%A1%9D%20(%EC%A0%84%EC%B2%B4)/export202412271026345440.png
디오웨,?,천계,감마님,없음,%EC%BA%90%EB%A6%AD%ED%84%B0%20%EB%AA%A9%EB%A1%9D%20(%EC%A0%84%EC%B2%B4)/export202412271026342455.png
아하마,남,우리라스,강멍고냥님,주민,%EC%BA%90%EB%A6%AD%ED%84%B0%20%EB%AA%A9%EB%A1%9D%20(%EC%A0%84%EC%B2%B4)/export202412271029124778.png
란텔리바란,남,던전마을,민양갱님,총관리자,%EC%BA%90%EB%A6%AD%ED%84%B0%20%EB%AA%A9%EB%A1%9D%20(%EC%A0%84%EC%B2%B4)/export202412271026346373.png
루니에르,여,매너스,라니님,경비,%EC%BA%90%EB%A6%AD%ED%84%B0%20%EB%AA%A9%EB%A1%9D%20(%EC%A0%84%EC%B2%B4)/export202412271026344332.png
디스마,?,검은숲,우주고양이님,없음,%EC%BA%90%EB%A6%AD%ED%84%B0%20%EB%AA%A9%EB%A1%9D%20(%EC%A0%84%EC%B2%B4)/export202412271036409621.png
아르게스,남,머쉬룸,참퐘참님,주민,%EC%BA%90%EB%A6%AD%ED%84%B0%20%EB%AA%A9%EB%A1%9D%20(%EC%A0%84%EC%B2%B4)/export202412271041413788.png
체피크,남,야생,블랙빗님,없음,%EC%BA%90%EB%A6%AD%ED%84%B0%20%EB%AA%A9%EB%A1%9D%20(%EC%A0%84%EC%B2%B4)/export202501041838202607.png
이름 짓는 자,?,기타,참퐘참님,신의 대리인,%EC%BA%90%EB%A6%AD%ED%84%B0%20%EB%AA%A9%EB%A1%9D%20(%EC%A0%84%EC%B2%B4)/export202501041825117719.png
더지,남,몬타이나,테스님,주민,%EC%BA%90%EB%A6%AD%ED%84%B0%20%EB%AA%A9%EB%A1%9D%20(%EC%A0%84%EC%B2%B4)/export202501041954020761.png
바이오라클,?,야생,라니님,없음,%EC%BA%90%EB%A6%AD%ED%84%B0%20%EB%AA%A9%EB%A1%9D%20(%EC%A0%84%EC%B2%B4)/export202501041954288936.png
슈미트,남,천계,키위앵무님,주민,%EC%BA%90%EB%A6%AD%ED%84%B0%20%EB%AA%A9%EB%A1%9D%20(%EC%A0%84%EC%B2%B4)/export202501051553191485.png
카비아비카,남,방랑자,_Rang_님,없음,%EC%BA%90%EB%A6%AD%ED%84%B0%20%EB%AA%A9%EB%A1%9D%20(%EC%A0%84%EC%B2%B4)/export202501172118057440.png
오라고,여,심해왕국,루이짱짱강아지님?,주민,%EC%BA%90%EB%A6%AD%ED%84%B0%20%EB%AA%A9%EB%A1%9D%20(%EC%A0%84%EC%B2%B4)/export202501181516442825.png
덴고,남,하계,델타Delta님,없음,%EC%BA%90%EB%A6%AD%ED%84%B0%20%EB%AA%A9%EB%A1%9D%20(%EC%A0%84%EC%B2%B4)/export202501282237014493.png
프로서더,?,검은숲,프팅님,없음,%EC%BA%90%EB%A6%AD%ED%84%B0%20%EB%AA%A9%EB%A1%9D%20(%EC%A0%84%EC%B2%B4)/export202501282237169165.png
샤캔,남,세렌치움,블랙빗님,주민,%EC%BA%90%EB%A6%AD%ED%84%B0%20%EB%AA%A9%EB%A1%9D%20(%EC%A0%84%EC%B2%B4)/export202501282250564373.png
셸디문,남,야생,,없음,%EC%BA%90%EB%A6%AD%ED%84%B0%20%EB%AA%A9%EB%A1%9D%20(%EC%A0%84%EC%B2%B4)/export202501282301449686.png
아반,?,야생,,없음,%EC%BA%90%EB%A6%AD%ED%84%B0%20%EB%AA%A9%EB%A1%9D%20(%EC%A0%84%EC%B2%B4)/export202501282315349484.png
비안지,?,야생,감마님,없음,%EC%BA%90%EB%A6%AD%ED%84%B0%20%EB%AA%A9%EB%A1%9D%20(%EC%A0%84%EC%B2%B4)/export202501282327528376.png
딥 씨퍼,남,야생,레이립님,없음,%EC%BA%90%EB%A6%AD%ED%84%B0%20%EB%AA%A9%EB%A1%9D%20(%EC%A0%84%EC%B2%B4)/export202501282339154012.png
미드나이트,여,결계 수호자,참퐘참님,수호자,%EC%BA%90%EB%A6%AD%ED%84%B0%20%EB%AA%A9%EB%A1%9D%20(%EC%A0%84%EC%B2%B4)/export202501282353192852.png
붉은 눈,남,결계 수호자,참퐘참님,수호자,%EC%BA%90%EB%A6%AD%ED%84%B0%20%EB%AA%A9%EB%A1%9D%20(%EC%A0%84%EC%B2%B4)/export202501282353191169.png
팬텀 댈리아,없음,던전마을,라니님,주민,%EC%BA%90%EB%A6%AD%ED%84%B0%20%EB%AA%A9%EB%A1%9D%20(%EC%A0%84%EC%B2%B4)/export202501290013513964.png
아일리,여,검은숲 피신지역,강멍고냥님,주민,%EC%BA%90%EB%A6%AD%ED%84%B0%20%EB%AA%A9%EB%A1%9D%20(%EC%A0%84%EC%B2%B4)/export202501311521591509.png
오뉴츠,여,우주,해시님,없음,%EC%BA%90%EB%A6%AD%ED%84%B0%20%EB%AA%A9%EB%A1%9D%20(%EC%A0%84%EC%B2%B4)/export202501311521590604.png
파라네우라,?,"사막궁전, 우리라스",다니아님,주민,%EC%BA%90%EB%A6%AD%ED%84%B0%20%EB%AA%A9%EB%A1%9D%20(%EC%A0%84%EC%B2%B4)/export202501311521588791.png
카이텔,남,매너스,다니아님,총관리자,%EC%BA%90%EB%A6%AD%ED%84%B0%20%EB%AA%A9%EB%A1%9D%20(%EC%A0%84%EC%B2%B4)/export202502172132161962.png
소울체인,여,결계 수호자,개다래님,수호자,%EC%BA%90%EB%A6%AD%ED%84%B0%20%EB%AA%A9%EB%A1%9D%20(%EC%A0%84%EC%B2%B4)/export202502172132163296.png
나이트메어,?,검은숲,토리우스님,없음,%EC%BA%90%EB%A6%AD%ED%84%B0%20%EB%AA%A9%EB%A1%9D%20(%EC%A0%84%EC%B2%B4)/export202502201847251417.png
카이디오라,여,천계,비둘기님,없음,%EC%BA%90%EB%A6%AD%ED%84%B0%20%EB%AA%A9%EB%A1%9D%20(%EC%A0%84%EC%B2%B4)/export202502201905208084.png
아스라,여,검은숲 피신지역,델타Delta님,주민,%EC%BA%90%EB%A6%AD%ED%84%B0%20%EB%AA%A9%EB%A1%9D%20(%EC%A0%84%EC%B2%B4)/export202503281447511897.png
앤트라,남,몬타이나,닌님,주민,%EC%BA%90%EB%A6%AD%ED%84%B0%20%EB%AA%A9%EB%A1%9D%20(%EC%A0%84%EC%B2%B4)/export202503281448202457.png
네란티,여,검은숲 피신지역,,주민,%EC%BA%90%EB%A6%AD%ED%84%B0%20%EB%AA%A9%EB%A1%9D%20(%EC%A0%84%EC%B2%B4)/export202503281448424168.png
베시두즈,여,우주,포스포르님,없음,%EC%BA%90%EB%A6%AD%ED%84%B0%20%EB%AA%A9%EB%A1%9D%20(%EC%A0%84%EC%B2%B4)/export202503281449471272.png
인드리에,여,검은숲,키위앵무님,없음,%EC%BA%90%EB%A6%AD%ED%84%B0%20%EB%AA%A9%EB%A1%9D%20(%EC%A0%84%EC%B2%B4)/export202503281449244299.png
알로리아,여,세렌치움,쇼팽,주민,%EC%BA%90%EB%A6%AD%ED%84%B0%20%EB%AA%A9%EB%A1%9D%20(%EC%A0%84%EC%B2%B4)/export202503281450139422.png
아슬,여,던전마을,참퐘참님,주민,%EC%BA%90%EB%A6%AD%ED%84%B0%20%EB%AA%A9%EB%A1%9D%20(%EC%A0%84%EC%B2%B4)/export202503281505518550.png
소냐,여,우리라스,다니아님,주민,%EC%BA%90%EB%A6%AD%ED%84%B0%20%EB%AA%A9%EB%A1%9D%20(%EC%A0%84%EC%B2%B4)/export202503281517488355.png
에블로우,여,아홀로틀스,디비스님,없음,%EC%BA%90%EB%A6%AD%ED%84%B0%20%EB%AA%A9%EB%A1%9D%20(%EC%A0%84%EC%B2%B4)/%EC%97%90%EB%B8%94%EB%A1%9C%EC%9A%B0.jpg
폴 디어,남,야생,엘.X님,없음,%EC%BA%90%EB%A6%AD%ED%84%B0%20%EB%AA%A9%EB%A1%9D%20(%EC%A0%84%EC%B2%B4)/%ED%8F%B4_%EB%94%94%EC%96%B4.jpg
시루케,남,해적,잉기니밍기니밍기님,없음,%EC%BA%90%EB%A6%AD%ED%84%B0%20%EB%AA%A9%EB%A1%9D%20(%EC%A0%84%EC%B2%B4)/%EC%8B%9C%EB%A3%A8%EC%BC%80.jpg
코랄,남,바다궁전,다니아님,주민,%EC%BA%90%EB%A6%AD%ED%84%B0%20%EB%AA%A9%EB%A1%9D%20(%EC%A0%84%EC%B2%B4)/%EC%BD%94%EB%9E%84.jpg
글라누,남,매너스,소르아님,주민,%EC%BA%90%EB%A6%AD%ED%84%B0%20%EB%AA%A9%EB%A1%9D%20(%EC%A0%84%EC%B2%B4)/%EA%B8%80%EB%9D%BC%EB%88%84.jpg
랙소,여,세렌치움,이든님,주민,%EC%BA%90%EB%A6%AD%ED%84%B0%20%EB%AA%A9%EB%A1%9D%20(%EC%A0%84%EC%B2%B4)/%EB%9E%99%EC%86%8C.jpg
쉬퍼,여,야생,다니아님,없음,%EC%BA%90%EB%A6%AD%ED%84%B0%20%EB%AA%A9%EB%A1%9D%20(%EC%A0%84%EC%B2%B4)/%EC%89%AC%ED%8D%BC.jpg
오로간 패리터스,남,바다궁전,도롱이님,주민,%EC%BA%90%EB%A6%AD%ED%84%B0%20%EB%AA%A9%EB%A1%9D%20(%EC%A0%84%EC%B2%B4)/%EC%98%A4%EB%A1%9C%EA%B0%84_%ED%8C%A8%EB%A6%AC%ED%84%B0%EC%8A%A4.jpg
둔지,여,바구스,크앙애플님,주민,%EC%BA%90%EB%A6%AD%ED%84%B0%20%EB%AA%A9%EB%A1%9D%20(%EC%A0%84%EC%B2%B4)/enswl.jpg
언더문,?,야생,소르아님,없음,%EC%BA%90%EB%A6%AD%ED%84%B0%20%EB%AA%A9%EB%A1%9D%20(%EC%A0%84%EC%B2%B4)/%EC%96%B8%EB%8D%94%EB%AC%B8.jpg
네뷸레이스콜,여,우주,다니아님,없음,%EC%BA%90%EB%A6%AD%ED%84%B0%20%EB%AA%A9%EB%A1%9D%20(%EC%A0%84%EC%B2%B4)/%EB%84%A4%EB%B7%B8%EB%A0%88%EC%9D%B4%EC%8A%A4%EC%BD%9C.jpg
프폰,남,매그누스,개굴님,주민,%EC%BA%90%EB%A6%AD%ED%84%B0%20%EB%AA%A9%EB%A1%9D%20(%EC%A0%84%EC%B2%B4)/%ED%94%84%ED%8F%B0.jpg
베비콜,여,우주,뇽님,없음,%EC%BA%90%EB%A6%AD%ED%84%B0%20%EB%AA%A9%EB%A1%9D%20(%EC%A0%84%EC%B2%B4)/%EB%B2%A0%EB%B9%84%EC%BD%9C.jpg
앙시엘,여,세렌치움,미미미님,주민,%EC%BA%90%EB%A6%AD%ED%84%B0%20%EB%AA%A9%EB%A1%9D%20(%EC%A0%84%EC%B2%B4)/export202601011209020580.png
말돔,?,검은숲,토리우스님,없음,%EC%BA%90%EB%A6%AD%ED%84%B0%20%EB%AA%A9%EB%A1%9D%20(%EC%A0%84%EC%B2%B4)/%EB%A7%90%EB%8F%94.jpg
앙골,남,검은숲 피신지역,늑래님,주민,%EC%BA%90%EB%A6%AD%ED%84%B0%20%EB%AA%A9%EB%A1%9D%20(%EC%A0%84%EC%B2%B4)/%EC%95%99%EA%B3%A8.jpg
아로스 패리터스,남,바다궁전,Hyeryn0301님,총관리자,%EC%BA%90%EB%A6%AD%ED%84%B0%20%EB%AA%A9%EB%A1%9D%20(%EC%A0%84%EC%B2%B4)/%EC%95%84%EB%A1%9C%EC%8A%A4_%ED%8C%A8%EB%A6%AC%ED%84%B0%EC%8A%A4.jpg
카누테,여,매그누스,참퐘참님,"연구자(과학자), 주민",%EC%BA%90%EB%A6%AD%ED%84%B0%20%EB%AA%A9%EB%A1%9D%20(%EC%A0%84%EC%B2%B4)/%EC%B9%B4%EB%88%84%ED%85%8C.jpg
이글루스,남,야생,유키루키페이님,없음,%EC%BA%90%EB%A6%AD%ED%84%B0%20%EB%AA%A9%EB%A1%9D%20(%EC%A0%84%EC%B2%B4)/%EC%9D%B4%EA%B8%80%EB%A3%A8%EC%8A%A4.jpg
아카시,남,던전마을,호랭님,주민,%EC%BA%90%EB%A6%AD%ED%84%B0%20%EB%AA%A9%EB%A1%9D%20(%EC%A0%84%EC%B2%B4)/%EC%95%84%EC%B9%B4%EC%8B%9C.jpg
아낙크니스,여,오아나 무리,토리우스님,없음,%EC%BA%90%EB%A6%AD%ED%84%B0%20%EB%AA%A9%EB%A1%9D%20(%EC%A0%84%EC%B2%B4)/%EC%95%84%EB%82%99%ED%81%AC%EB%8B%88%EC%8A%A4.jpg
드롱,남,매그누스,카제님,주민,%EC%BA%90%EB%A6%AD%ED%84%B0%20%EB%AA%A9%EB%A1%9D%20(%EC%A0%84%EC%B2%B4)/%EB%93%9C%EB%A1%B1.jpg
브루,여,매그누스,,주민,%EC%BA%90%EB%A6%AD%ED%84%B0%20%EB%AA%A9%EB%A1%9D%20(%EC%A0%84%EC%B2%B4)/%EB%B8%8C%EB%A3%A8.jpg
아르게논,남,매그누스,세인트릴리님,주민,%EC%BA%90%EB%A6%AD%ED%84%B0%20%EB%AA%A9%EB%A1%9D%20(%EC%A0%84%EC%B2%B4)/%EC%95%84%EB%A5%B4%EA%B2%8C%EB%85%BC.jpg
사파이어,여,바다궁전,라니님,주민,%EC%BA%90%EB%A6%AD%ED%84%B0%20%EB%AA%A9%EB%A1%9D%20(%EC%A0%84%EC%B2%B4)/%EC%82%AC%ED%8C%8C%EC%9D%B4%EC%96%B4.jpg
소올-08,없음,매그누스,참퐘참님,경비,%EC%BA%90%EB%A6%AD%ED%84%B0%20%EB%AA%A9%EB%A1%9D%20(%EC%A0%84%EC%B2%B4)/%EC%86%8C%EC%98%AC-08.jpg
후르,남,매너스,,주민,%EC%BA%90%EB%A6%AD%ED%84%B0%20%EB%AA%A9%EB%A1%9D%20(%EC%A0%84%EC%B2%B4)/%ED%9B%84%EB%A5%B4.jpg
프리브스,남,바구스,소르아님,경비,%EC%BA%90%EB%A6%AD%ED%84%B0%20%EB%AA%A9%EB%A1%9D%20(%EC%A0%84%EC%B2%B4)/%ED%94%84%EB%A6%AC%EB%B8%8C%EC%8A%A4.jpg
아윤,남,매그누스,,주민,%EC%BA%90%EB%A6%AD%ED%84%B0%20%EB%AA%A9%EB%A1%9D%20(%EC%A0%84%EC%B2%B4)/%EC%95%84%EC%9C%A4.jpg
오우라베,여,방랑자,유키루키페이님,없음,%EC%BA%90%EB%A6%AD%ED%84%B0%20%EB%AA%A9%EB%A1%9D%20(%EC%A0%84%EC%B2%B4)/%EC%98%A4%EC%9A%B0%EB%9D%BC%EB%B2%A0.jpg
카토그라,?,검은숲,쇼팽님,없음,%EC%BA%90%EB%A6%AD%ED%84%B0%20%EB%AA%A9%EB%A1%9D%20(%EC%A0%84%EC%B2%B4)/%EC%B9%B4%ED%86%A0%EA%B7%B8%EB%9D%BC.jpg
리올드,여,던전마을,무타리님,주민,%EC%BA%90%EB%A6%AD%ED%84%B0%20%EB%AA%A9%EB%A1%9D%20(%EC%A0%84%EC%B2%B4)/%EB%A6%AC%EC%98%AC%EB%93%9C.jpg
애치,?,다른 세계,휴안님,없음,%EC%BA%90%EB%A6%AD%ED%84%B0%20%EB%AA%A9%EB%A1%9D%20(%EC%A0%84%EC%B2%B4)/bandicam_2026-04-19_14-24-00-567.jpg
아우스타,남,우리라스,크앙애플님,주민,%EC%BA%90%EB%A6%AD%ED%84%B0%20%EB%AA%A9%EB%A1%9D%20(%EC%A0%84%EC%B2%B4)/%EC%95%84%EC%9A%B0%EC%8A%A4%ED%83%80.jpg
몰레라,여,하계,해시님,없음,%EC%BA%90%EB%A6%AD%ED%84%B0%20%EB%AA%A9%EB%A1%9D%20(%EC%A0%84%EC%B2%B4)/%EB%AA%B0%EB%A0%88%EB%9D%BC.jpg
세게트,남,"사막궁전, 우리라스",티티님,주민,%EC%BA%90%EB%A6%AD%ED%84%B0%20%EB%AA%A9%EB%A1%9D%20(%EC%A0%84%EC%B2%B4)/%EC%84%B8%EA%B2%8C%ED%8A%B8.jpg
아치,남,몬타이나,뇽님,주민,%EC%BA%90%EB%A6%AD%ED%84%B0%20%EB%AA%A9%EB%A1%9D%20(%EC%A0%84%EC%B2%B4)/%EC%95%84%EC%B9%98.jpg
하팔로,남,해적,Ancylaini3065님,총관리자,%EC%BA%90%EB%A6%AD%ED%84%B0%20%EB%AA%A9%EB%A1%9D%20(%EC%A0%84%EC%B2%B4)/%ED%95%98%ED%8C%94%EB%A1%9C.jpg
카시라,남,검은숲,루나몬님,없음,%EC%BA%90%EB%A6%AD%ED%84%B0%20%EB%AA%A9%EB%A1%9D%20(%EC%A0%84%EC%B2%B4)/%EC%B9%B4%EC%8B%9C%EB%9D%BC.jpg
레드웨어,?,우주,체리님,없음,%EC%BA%90%EB%A6%AD%ED%84%B0%20%EB%AA%A9%EB%A1%9D%20(%EC%A0%84%EC%B2%B4)/%EB%A0%88%EB%93%9C%EC%9B%A8%EC%96%B4.jpg
스크렌시,여,아홀로틀스,라니님,없음,%EC%BA%90%EB%A6%AD%ED%84%B0%20%EB%AA%A9%EB%A1%9D%20(%EC%A0%84%EC%B2%B4)/%EC%8A%A4%ED%81%AC%EB%A0%8C%EC%8B%9C.jpg
